INSERT INTO RESTAURANTS(RESTAURANT_ID, RESTAURANT_NAME, STATUS) VALUES (1, 'DUREY', TRUE);
INSERT INTO RESTAURANTS(RESTAURANT_ID, RESTAURANT_NAME, STATUS) VALUES (2, 'Cafe', TRUE);
INSERT INTO RESTAURANTS(RESTAURANT_ID, RESTAURANT_NAME, STATUS) VALUES (3, 'CHICKFILA', TRUE);
INSERT INTO RESTAURANTS(RESTAURANT_ID, RESTAURANT_NAME, STATUS) VALUES (4, 'CHILLIES', TRUE);


INSERT INTO  MENU (MENU_ID ,ITEM_NAME ,ITEM_DESC ,PRICE ,STATUS ) VALUES(1, 'COFFEE','COFFEE',10,TRUE);
INSERT INTO  MENU (MENU_ID ,ITEM_NAME ,ITEM_DESC ,PRICE ,STATUS ) VALUES(2, 'TEA','TEA',10,TRUE);
INSERT INTO  MENU (MENU_ID ,ITEM_NAME ,ITEM_DESC ,PRICE ,STATUS ) VALUES(3, 'PIZZA','PIZZA',15,TRUE);

INSERT INTO  TABLES (TABLE_ID ,TABLE_NAME ,TABLE_DESC ,CAPACITY ,STATUS ) VALUES(1, 'TABLE4','4 SEATER',4,TRUE);
INSERT INTO  TABLES (TABLE_ID ,TABLE_NAME ,TABLE_DESC ,CAPACITY ,STATUS ) VALUES(2, 'TABLE6','6 SEATER',6,TRUE);
INSERT INTO  TABLES (TABLE_ID ,TABLE_NAME ,TABLE_DESC ,CAPACITY ,STATUS ) VALUES(3, 'TABLE10','10 SEATER',10,TRUE);

INSERT INTO RESTAURANTS_TABLES (RESTAURANTS_TABLE_ID ,RESTAURANT_ID ,TABLE_ID,STATUS) VALUES(1, 1,1,TRUE); 
INSERT INTO RESTAURANTS_TABLES (RESTAURANTS_TABLE_ID ,RESTAURANT_ID ,TABLE_ID,STATUS) VALUES(2, 1,2,TRUE);
INSERT INTO RESTAURANTS_TABLES (RESTAURANTS_TABLE_ID ,RESTAURANT_ID ,TABLE_ID,STATUS) VALUES(3, 1,3,TRUE);

INSERT INTO RESTAURANTS_TABLES (RESTAURANTS_TABLE_ID ,RESTAURANT_ID ,TABLE_ID,STATUS) VALUES(4, 2,1,TRUE);
INSERT INTO RESTAURANTS_TABLES (RESTAURANTS_TABLE_ID ,RESTAURANT_ID ,TABLE_ID,STATUS) VALUES(5, 2,2,TRUE);
INSERT INTO RESTAURANTS_TABLES (RESTAURANTS_TABLE_ID ,RESTAURANT_ID ,TABLE_ID,STATUS) VALUES(6, 2,3,TRUE);
